{
    "toronto":{
    "next": false,
    "date": "30 ARP - 02 MAY 2019",
    "country": "Toronto",
    "location": "Enercare Center",
    "image": "theme/sialnetwork_desktop/img/toronto.jpg",
    "link": "SIAL-Network/SIAL-exhibitions/SIAL-Canada-the-North-American-food-innovation-exhibition"
  },
  "abu-dhabi":{
    "next": false,
    "date": "10-12 DEC 2018",
    "country": "Abu-Dhabi",
    "location": "Abu Dhabi National Exhibition Centre",
    "image": "theme/sialnetwork_desktop/img/abu-dhabi.jpg",
    "link": "SIAL-Network/SIAL-exhibitions/SIAL-Abu-Dhabi-the-Middle-East-food-innovation-exhibition "
  },
  "paris":{
    "next": true,
    "date": "21 - 25 OCTOBER 2018",
    "country": "Paris",
    "location": "Paris Nord Villepinte",
    "image": "theme/sialnetwork_desktop/img/paris.jpg",
    "link": "SIAL-Network/SIAL-exhibitions/SIAL-Paris-the-world-s-largest-food-innovation-exhibition"
  },
  "montreal":{
    "next": false,
    "date": "15 - 17 MAY 2020",
    "country": "Montréal",
    "location": "Montreal convention Center",
    "image": "theme/sialnetwork_desktop/img/montreal.jpg",
    "link": "SIAL-Network/SIAL-exhibitions/SIAL-Canada-the-North-American-food-innovation-exhibition"
  },
  "jakarta":{
    "next": false,
    "date": "22 - 25 NOV. 2017",
    "country": "Jakarta",
    "location": "JI Expo, Kemayoran",
    "image": "theme/sialnetwork_desktop/img/jakarta.jpg",
    "link": "SIAL-Network/SIAL-exhibitions/SIAL-Interfood-Jakarta-the-Indonesian-food-innovation-exhibition"
  },
  "shanghai":{
    "next": false,
    "date": "14 - 16 MAY 2019",
    "country": "Shanghai",
    "location": "SNIEC - Shanghai",
    "image": "theme/sialnetwork_desktop/img/shanghai.jpg",
    "link": "SIAL-Network/SIAL-exhibitions/SIAL-Shanghai-Asia-s-largest-food-innovation-exhibition"
  }
}
