{
  "paris":{
    "next": false,
    "date": "21 - 25 OCTOBER 2018",
    "country": "Paris",
    "location": "Paris Nord Villepinte",
    "image": "theme/sialnetwork_desktop/img/paris.jpg",
    "link": "/SIAL-exhibitions/A-network-of-leading-food-and-beverage-exhibitions/SIAL-Paris-the-world-s-largest-food-innovation-exhibition"
  },
  "abu-dhabi":{
    "next": false,
    "date": "10-12 DEC 2018",
    "country": "Abu-Dhabi",
    "location": "Abu Dhabi National Exhibition Centre",
    "image": "theme/sialnetwork_desktop/img/abu-dhabi.jpg",
    "link": "/SIAL-exhibitions/A-network-of-leading-food-and-beverage-exhibitions/SIAL-Abu-Dhabi-the-Middle-East-food-innovation-exhibition"
  },
  "montreal":{
    "next": false,
    "date": "15 - 17 APRIL 2020",
    "country": "Montréal",
    "location": "Montreal convention Center",
    "image": "theme/sialnetwork_desktop/img/montreal.jpg",
    "link": "/SIAL-exhibitions/A-network-of-leading-food-and-beverage-exhibitions/SIAL-Canada-the-North-American-food-innovation-exhibition"
  },
  "jakarta":{
    "next": false,
    "date": "21 - 24 NOV. 2018",
    "country": "Jakarta",
    "location": "JI Expo, Kemayoran",
    "image": "theme/sialnetwork_desktop/img/jakarta.jpg",
    "link": "/SIAL-exhibitions/A-network-of-leading-food-and-beverage-exhibitions/SIAL-Interfood-the-Indonesian-food-innovation-exhibition"
  },
  "toronto":{
    "next": false,
    "date": "30 APRIL - 02 MAY 2019",
    "country": "Toronto",
    "location": "Enercare Center",
    "image": "theme/sialnetwork_desktop/img/toronto.jpg",
    "link": "/SIAL-exhibitions/A-network-of-leading-food-and-beverage-exhibitions/SIAL-Canada-the-North-American-food-innovation-exhibition"
  },
  "shanghai":{
    "next": false,
    "date": "14 - 16 MAY 2019",
    "country": "Shanghai",
    "location": "SNIEC - Shanghai",
    "image": "theme/sialnetwork_desktop/img/shanghai.jpg",
    "link": "/SIAL-exhibitions/A-network-of-leading-food-and-beverage-exhibitions/SIAL-Shanghai-Asia-s-largest-food-innovation-exhibition"
  },
  "new-delhi":{
    "next": true,
    "date": "16 - 18 SEPTEMBER 2018",
    "country": "New Delhi",
    "location": "Pragati Maidan Exhibition Center",
    "image": "theme/sialnetwork_desktop/img/new-delhi.jpg",
    "link": "/SIAL-exhibitions/A-network-of-leading-food-and-beverage-exhibitions/Food-India-inspired-by-SIAL-the-new-Indian-food-innovation-exhibition"
  }
}
